it,kld_median,kld_mean
3.000000000000000000e+00,5.453462187489552804e+00,9.451305983249884690e+00
