it,kld_phi,kld_psi,kld_ram
3.000000000000000000e+00,1.486920760090804094e+00,1.287076577146543999e+00,1.693281446692703440e+01
