it,kld_median,kld_mean
4.000000000000000000e+00,5.768666181564228168e+00,9.428447138170163555e+00
