it,kld_phi,kld_psi,kld_ram
4.000000000000000000e+00,1.254355782435881306e+00,1.000963142472509837e+00,1.816821293758527744e+01
